__file:///Users/michiel/Projects/seecr/tirza.rdf#__Description1,http://dbpedia.org/resource/Website,Tirza,Website,
__file:///Users/michiel/Projects/seecr/tirza.rdf#__Description1,literal(Tirza),Tirza,Website,
__file:///Users/michiel/Projects/seecr/tirza.rdf#__Description2,http://dbpedia.org/ontology/Person,Keesmaat,M,Ritmeester,Tirza,
__file:///Users/michiel/Projects/seecr/tirza.rdf#__Description3,http://dbpedia.org/ontology/Person,Judi,Maria,Romijn,Tirza,
__file:///Users/michiel/Projects/seecr/tirza.rdf#__Description4,http://dbpedia.org/ontology/Person,Kuijvenhoven,Tirza,
__file:///Users/michiel/Projects/seecr/tirza.rdf#__Description5,http://dbpedia.org/ontology/Person,Hal,Tirza,
__file:///Users/michiel/Projects/seecr/tirza.rdf#__Description6,http://dbpedia.org/ontology/Person,Beekhuis,Tirza,
__file:///Users/michiel/Projects/seecr/tirza.rdf#__Description7,http://dbpedia.org/resource/Article_(publishing),Grunbergs,Tirza,doek,planken,witte,
__file:///Users/michiel/Projects/seecr/tirza.rdf#__Description8,http://dbpedia.org/resource/Article_(publishing),Arnon,Grunberg,Tirza,Wederom,bekroning,
__file:///Users/michiel/Projects/seecr/tirza.rdf#__Description9,http://dbpedia.org/resource/Article_(publishing),Tirza,bewandelt,loper,rode,
__file:///Users/michiel/Projects/seecr/tirza.rdf#__Description10,http://dbpedia.org/resource/Article_(publishing),83,Academy,Arnon,Awards,De,Geen,Nederlandse,Oscar,Tirza,film,grunberg,kans,speelfilm,ste,uitr,
__file:///Users/michiel/Projects/seecr/tirza.rdf#__Description11,http://dbpedia.org/resource/Sound,Dedicon,Grave,Hofmeester,Jörgen,Op,Tirza,Vader,avond,controle,definitief,dochter,eindexamenfeestje,leven,lievelingsdochter,relatie,saaie,verliest,
__file:///Users/michiel/Projects/seecr/tirza.rdf#__Description12,http://dbpedia.org/resource/Sound,Dedicon,Grave,Hofmeester,Jörgen,Op,Tirza,Vader,avond,controle,definitief,dochter,eindexamenfeestje,leven,lievelingsdochter,relatie,saaie,verliest,
__file:///Users/michiel/Projects/seecr/tirza.rdf#__Description13,http://dbpedia.org/ontology/Software,Dedicon,Grave,Hofmeester,Jörgen,Op,Tirza,Vader,avond,controle,definitief,dochter,eindexamenfeestje,leven,lievelingsdochter,relatie,saaie,verliest,
__file:///Users/michiel/Projects/seecr/tirza.rdf#__Description14,http://dbpedia.org/ontology/Book,Alef,Hofmeester,Jörgen,Op,Tirza,Vader,avond,controle,definitief,dochter,eindexamenfeestje,leven,lievelingsdochter,relatie,roman,saaie,verliest,İstanbul,
__file:///Users/michiel/Projects/seecr/tirza.rdf#__Description15,http://dbpedia.org/ontology/Book,&,Amsterdam,Ditmar,Hofmeester,Juden,Jörgen,Nederlands,Niederlande,Niederländisch,Nijgh,Op,Proza,Tirza,Vader,Van,avond,controle,definitief,dochter,eindexamenfeestje,leven,lievelingsdochter,novellen,oorspr,relatie,romans,saaie,verliest,
__file:///Users/michiel/Projects/seecr/tirza.rdf#__Description16,http://dbpedia.org/resource/Article_(publishing),30,De,Festival,Film,Nederlands,TIRZA,Tirza,editie,oogwenk,openingsfilm,speelfilm,ste,
__file:///Users/michiel/Projects/seecr/tirza.rdf#__Description17,http://dbpedia.org/resource/Article_(publishing),Druk,Smikkelende,Tirza,URK,Urker,Vis,baasje,gewagg,gouden,kwispelend,loods,puppy,toekomst,vrijdag,zeevishandel,
__file:///Users/michiel/Projects/seecr/tirza.rdf#__Description18,http://dbpedia.org/resource/Article_(publishing),!,Kaathoven,Netty,Pas,Tirza,
__file:///Users/michiel/Projects/seecr/tirza.rdf#__Description19,http://dbpedia.org/ontology/Book,Joëlle,Losfeld,Paris,Tirza,
__file:///Users/michiel/Projects/seecr/tirza.rdf#__Description20,http://dbpedia.org/ontology/Book,Amsterdam,Bruna,Tirza,
__file:///Users/michiel/Projects/seecr/tirza.rdf#__Description21,http://dbpedia.org/ontology/Book,Cairo,Sphinx,Tirza,[,
__file:///Users/michiel/Projects/seecr/tirza.rdf#__Description22,http://dbpedia.org/resource/Article_(publishing),Afrika,Als,Gruwelijk,Met,Noord,Tirza,geheim,vakantie,vriend,
__file:///Users/michiel/Projects/seecr/tirza.rdf#__Description23,http://dbpedia.org/ontology/Book,12,14,19,!,Chatten,Jochem,Kinderboeken,Makkelijk,Meisjesboeken,Nu,Pas,Stripverhalen,Tirza,Tricht,Twello,Van,Vanaf,Verhaal,Zijn,boeken,ca,chatten,gemakkelijke,jeugdboeken,jongen,leert,leuke,lezen,meisje,modellenbureau,moeder,ontmoeten,verhalen,zinnen,zoekt,
__file:///Users/michiel/Projects/seecr/tirza.rdf#__Description24,http://dbpedia.org/resource/Sound,Hofmeester,HoorSpelFabriek,Jörgen,Op,Tirza,Toneel,Vader,Vreeland,audiofilm,avond,controle,definitief,dochter,eindexamenfeestje,hoorspelen,leven,lievelingsdochter,relatie,saaie,verliest,
__file:///Users/michiel/Projects/seecr/tirza.rdf#__Description25,http://dbpedia.org/resource/Article_(publishing),742,752,=,C,Hebreeuws,Israël,Menachem,Tirza,koning,koningschap,landvoogd,trooster,verkreeg,wederrechtelijk,
__file:///Users/michiel/Projects/seecr/tirza.rdf#__Description26,http://dbpedia.org/ontology/Book,Antwerpen,Garant,Praktijkvoorbeelden,Voortgezet,onderwijs,reboundvoorzieningen,voortgezet,
__file:///Users/michiel/Projects/seecr/tirza.rdf#__Description27,http://dbpedia.org/resource/E-book,Den,Haag,Het,Nationale,Nederlands,Tirza,Toneel,oorspr,teksten,toneelstukken,
__file:///Users/michiel/Projects/seecr/tirza.rdf#__Description28,http://dbpedia.org/ontology/Book,Amersfoort,Columbus,Heerenveen,Kinderboeken,Kwintessens,Stripverhalen,Tirza,jeugdboeken,verhalen,vriendin,zoekt,
__file:///Users/michiel/Projects/seecr/tirza.rdf#__Description29,http://dbpedia.org/ontology/Book,14,Argraphie,Hadithi,Parijs,Swahili,Tanzania,dierenverhalen,kutoka,novellen,romans,taal,vertaald,wanyama,za,
__file:///Users/michiel/Projects/seecr/tirza.rdf#__Description30,http://dbpedia.org/ontology/Book,Athēna,Kastaniōtē,Tírza,basílissa,muthistórēma,tou,ē,ēliou,→,⇋,
__file:///Users/michiel/Projects/seecr/tirza.rdf#__Description31,http://dbpedia.org/ontology/Book,Brockhaus,Kibbuz,Mädchen,Tirza,Wuppertal,ein,im,
__file:///Users/michiel/Projects/seecr/tirza.rdf#__Description32,http://dbpedia.org/ontology/Book,Amsterdam,Get,Jeugdhulpverlening,Psychologie,SWP,Sociologie,Statistiek,Wijsbegeerte,break,deadlock,going,jeugdzorg,motivatie,motivating,out,people,to,young,
__file:///Users/michiel/Projects/seecr/tirza.rdf#__Description33,http://dbpedia.org/ontology/Book,Argo,Praha,Proza,Tirza,novellen,romans,vertaald,
__file:///Users/michiel/Projects/seecr/tirza.rdf#__Description34,http://dbpedia.org/ontology/Book,2004,2005,?,CIVIQ,Politieke,Staatshuishoudkunde,Uitsluiten,Utrecht,Verenigingen,Wetenschappen,trendrapport,uitnodigen,vrijwilligerswerk,
__file:///Users/michiel/Projects/seecr/tirza.rdf#__Description35,http://dbpedia.org/ontology/Film,Eenmaal,Hilversum,Hofmeester,Home,Jörgen,Namibië,Tirza,Video,Warner,aangekomen,dochter,drank,ontspoort,verliest,vertrekt,vertwijfeling,volledig,zoeken,
__file:///Users/michiel/Projects/seecr/tirza.rdf#__Description36,http://dbpedia.org/ontology/Book,2006,Garant,Jeugdinstituut,LCOJ,Nederlands,Utrecht,analyse,monitor,onderwijs,onderzoeksbevindingen,programma,reboundvoorzieningen,voortgezet,
__file:///Users/michiel/Projects/seecr/tirza.rdf#__Description37,http://dbpedia.org/ontology/Book,Afrikaanse,Allerlei,Literatuurgeschiedenis,Lookman,Naarden,Spreekwoorden,Swahili,bijgeloof,overige,raadsles,spreekwoorden,taalkunde,talen,volken,
__file:///Users/michiel/Projects/seecr/tirza.rdf#__Description38,http://dbpedia.org/ontology/Book,Aan,Amsterdam,Arbeidsbemiddeling,Jeugdhulpverlening,Psychologie,SWP,Sociologie,Statistiek,Wijsbegeerte,gang,jeugdzorg,jongeren,motivatie,motiveren,scholing,vastgelopen,
__file:///Users/michiel/Projects/seecr/tirza.rdf#__Description39,http://dbpedia.org/ontology/Book,9,Avonturenverhalen,Callenbach,Christa,Jodendom,Kampen,Kinderboeken,Protestants,Stripverhalen,Tirza,Vanaf,ca,christelijke,feesten,jeugdboeken,joods,joodse,kandelaar,verdwenen,verhalen,vertelt,vriendinnetje,
__file:///Users/michiel/Projects/seecr/tirza.rdf#__Description40,http://dbpedia.org/ontology/Book,2003,Antwerpen,Garant,Jeugdhulpverlening,Nog,Onderwijs,Opvoeding,Rotterdam,Samenwerking,Sociologie,Statistiek,bereikt,jeugdzorg,onderwijs,onderwijsbegeleiding,samenwerking,stad,voortgangsrapportage,
__file:///Users/michiel/Projects/seecr/tirza.rdf#__Description41,http://dbpedia.org/resource/Article_(publishing),20,De,Door,Nederlandse,Oscars,Rotterdam,Tirza,jan,kunstredactie,ontbreekt,shortlist,
__file:///Users/michiel/Projects/seecr/tirza.rdf#__Description42,http://dbpedia.org/resource/Article_(publishing),Arnon,Een,Grunberg,Tirza,Verfilming,boek,film,kw,leeftijd,middelbare,raakt,
__file:///Users/michiel/Projects/seecr/tirza.rdf#__Description43,http://dbpedia.org/resource/Article_(publishing),20,22,De,Ja,TEKST,Tirza,VOLLEDIGE,dochters,film,trots,uitgeholde,vader,vert,
__file:///Users/michiel/Projects/seecr/tirza.rdf#__Description44,http://dbpedia.org/resource/Article_(publishing),6,17,?,Bastiaanse,Marit,S,Wat,Zeldenrust,klassiekers,leeslijst,middelbare,pubers,scholieren,vwo,
__file:///Users/michiel/Projects/seecr/tirza.rdf#__Description45,http://dbpedia.org/resource/Sound,13,Als,Avonturenverhalen,Dedicon,En,Grave,Noord,Noorder,Noorders,Schoolverhalen,Tirza,Toine,Vanaf,Verboden,Verliefdheid,Wedstrijden,Zuid,ca,cursus,figuur,graffitiwedstrijd,ontmoet,terrein,verboden,winnen,
__file:///Users/michiel/Projects/seecr/tirza.rdf#__Description46,http://dbpedia.org/resource/Sound,13,Als,Avonturenverhalen,Dedicon,En,Grave,Noord,Noorder,Noorders,Schoolverhalen,Tirza,Toine,Vanaf,Verboden,Verliefdheid,Wedstrijden,Zuid,ca,cursus,figuur,graffitiwedstrijd,ontmoet,terrein,verboden,winnen,
__file:///Users/michiel/Projects/seecr/tirza.rdf#__Description47,http://dbpedia.org/ontology/Film,Eenmaal,Hilversum,Hofmeester,Home,Jörgen,Namibië,Nederland,Tirza,Video,Warner,aangekomen,dochter,drank,ontspoort,verliest,vertrekt,vertwijfeling,volledig,zoeken,
__file:///Users/michiel/Projects/seecr/tirza.rdf#__Description48,http://dbpedia.org/ontology/Software,13,Als,Dedicon,En,Grave,Noord,Noorder,Noorders,Tirza,Toine,Vanaf,Verboden,Verliefdheid,Wedstrijden,Zuid,ca,cursus,figuur,graffitiwedstrijd,ontmoet,terrein,verboden,winnen,
__file:///Users/michiel/Projects/seecr/tirza.rdf#__Description49,http://dbpedia.org/ontology/Book,&,Centrum,Instituut,Jeugdzorg,Landelijk,Leerling,NIZW,Naar,Nederlands,Onderwijs,Utrecht,WSNS,Welzijn,Zorg,basisonderwijs,conferenties,coördinatoren,grootstedelijke,jeugdzorg,leerlingenzorg,onderwijs,onderzoek,provinciale,resultaten,samenwerking,speciaal,structurele,verbanden,
__file:///Users/michiel/Projects/seecr/tirza.rdf#__Description50,http://dbpedia.org/ontology/Book,Crisisinterventie,Families,Geestelijk,Handleiding,LVG,NIZW,Richtlijnen,Sociologie,Statistiek,Utrecht,Verstandelijk,first,gehandicapte,gehandicapten,gezinnen,gezinsbegeleiding,handicap,kinderen,lichte,methodiek,richtlijnen,technieken,verstandelijk,verstandelijke,
__file:///Users/michiel/Projects/seecr/tirza.rdf#__Description51,http://dbpedia.org/ontology/Book,6,?,Bohn,Geheimen,Houten,Joris,Kinderboeken,Kleine,Loghum,Maar,Machtsmisbruik,Poppenverhalen,Prentenboeken,Prentvertelling,Ridder,Ridders,Ridderverhalen,Stafleu,Stripverhalen,Voorlezen,Vriendschap,Wat,ca,foto,gebruiken,geheim,jeugdboeken,leren,pas,poppen,verhalen,zwaard,zwaardvechten,
__file:///Users/michiel/Projects/seecr/tirza.rdf#__Description52,http://dbpedia.org/ontology/Book,Crisisinterventie,Families,Geestelijk,Handleiding,LVG,NIZW,Richtlijnen,Sociologie,Statistiek,Utrecht,Verstandelijk,first,gehandicapte,gehandicapten,gezinnen,gezinsbegeleiding,handicap,kinderen,lichte,methodiek,richtlijnen,technieken,verstandelijk,verstandelijke,
__file:///Users/michiel/Projects/seecr/tirza.rdf#__Description53,http://dbpedia.org/ontology/Book,13,Als,Amsterdam,Avonturenverhalen,En,Kinderboeken,Leopold,Noord,Noorder,Noorders,Schoolverhalen,Stripverhalen,Tirza,Toine,Vanaf,Verboden,Verliefdheid,Wedstrijden,Zuid,ca,cursus,figuur,graffitiwedstrijd,jeugdboeken,ontmoet,terrein,verboden,verhalen,winnen,
__file:///Users/michiel/Projects/seecr/tirza.rdf#__Description54,http://dbpedia.org/ontology/Book,4,Antwerpen,Ballet,Balletverhalen,Brouwers,Dat,De,Kinderboeken,Prentenboek,Stoute,Stripverhalen,Tessa,Tirza,Vanaf,Vries,Zelfvertrouwen,balletles,ca,collagetechniek,figuur,gelukkig,illustraties,leuk,ontdekt,prentenboeken,voetjes,zachtgekleurde,zusje,
__file:///Users/michiel/Projects/seecr/tirza.rdf#__Description55,http://dbpedia.org/ontology/Book,4,?,Barneveld,Brandaan,Elk,Jakob,Kinderboeken,Kusdrager,Prentenboek,Sprookjesachtige,Stripverhalen,Vanaf,Verliefdheid,Voor,Zoenen,beroep,bezorgen,ca,hoort,jeugdboeken,kusje,kusjes,lukt,meisje,pentekeningen,prentenboeken,verhalen,
__file:///Users/michiel/Projects/seecr/tirza.rdf#__Description56,http://dbpedia.org/ontology/Book,12,14,!,Alcohol,Als,Deventer,Drinken,Gezinsverhalen,Kinderboeken,Makkelijk,Odie,Sabine,Stripverhalen,Tricht,Van,Vanaf,Verhaal,Ze,alcohol,boeken,ca,coma,drinken,drinkt,gemakkelijke,jeugdboeken,lezen,moeder,raakt,ruzie,stiekem,verhalen,zinnen,
__file:///Users/michiel/Projects/seecr/tirza.rdf#__Description57,http://dbpedia.org/resource/Article_(publishing),ANGELES,De,Geen,LOS,Nederlandse,Oscar,Tirza,fi,film,kans,titel,
__file:///Users/michiel/Projects/seecr/tirza.rdf#__Description58,http://dbpedia.org/resource/Article_(publishing),Drie,Italië,Meisjes,Mussolini,Nederlandse,danseresjes,komaf,theater,
__file:///Users/michiel/Projects/seecr/tirza.rdf#__Description59,http://dbpedia.org/resource/Article_(publishing),Aschat,Berg,Gijs,Hoeks,In,Johanna,Kei,Met,Regie,Rudolf,Scholten,Steege,Sylvia,hoofd,verliest,
__file:///Users/michiel/Projects/seecr/tirza.rdf#__Description60,http://dbpedia.org/resource/Article_(publishing),Beste,De,Edens,Hulst,Kees,Kraakman,Maria,Oog,Publiek,Top,Walle,amsterdam,bijrollen,kiest,oog,prestigieuze,toneelprijzen,
__file:///Users/michiel/Projects/seecr/tirza.rdf#__Description61,http://dbpedia.org/resource/Article_(publishing),Arnon,Dus,Grunberg,Niemand,beke,kijkt,literaire,prijs,vijfjaarlijkse,wint,
__file:///Users/michiel/Projects/seecr/tirza.rdf#__Description62,http://dbpedia.org/resource/Article_(publishing),1,10,Amsterdam,Center,Deze,El,Movie,dvd,oj,secreto,sus,top,verhuurd,
__file:///Users/michiel/Projects/seecr/tirza.rdf#__Description63,http://dbpedia.org/resource/Article_(publishing),1,2,10,Amsterdam,Center,Deze,El,Movie,dvd,oj,secreto,sus,top,verhuurd,
__file:///Users/michiel/Projects/seecr/tirza.rdf#__Description64,http://dbpedia.org/resource/Article_(publishing),1,10,Amsterdam,Center,Deze,El,Movie,dvd,oj,secreto,sus,top,verhuurd,
__file:///Users/michiel/Projects/seecr/tirza.rdf#__Description65,http://dbpedia.org/resource/Article_(publishing),40,Amsterdam,Dijksma,Dochter,Het,Kamerlid,PvdA,Sharon,Tirza,bevallen,dochter,heet,meisje,
__file:///Users/michiel/Projects/seecr/tirza.rdf#__Description66,http://dbpedia.org/resource/Article_(publishing),DEN,De,Dijksma,Dochtertje,HAAG,PvdA,Sharon,Van,crisis,donderdag,parlementaire,redactie,verkeren,
__file:///Users/michiel/Projects/seecr/tirza.rdf#__Description67,http://dbpedia.org/resource/Article_(publishing),Beste,De,Edens,Hulst,Kees,Kraakman,Maria,Oog,Publiek,Top,Walle,amsterdam,bijrollen,kiest,oog,prestigieuze,toneelprijzen,
__file:///Users/michiel/Projects/seecr/tirza.rdf#__Description68,http://dbpedia.org/resource/Article_(publishing),Bracha,De,Doesburgh,Eetclub,Etentjes,Halina,Hoffman,Jan,Met,Regie,Reijn,Robert,Thom,Westdijk,doden,keukentafels,
__file:///Users/michiel/Projects/seecr/tirza.rdf#__Description69,http://dbpedia.org/resource/Article_(publishing),Al,Atsma,Carice,Filmster,Gouden,Houten,Kalveren,Meryl,Streep,aanrecht,goud,naa,rollen,utrecht,verhuizen,verrassing,
__file:///Users/michiel/Projects/seecr/tirza.rdf#__Description70,http://dbpedia.org/resource/Article_(publishing),Als,DEN,HAAG,John,Ondanks,Van,Wanders,bezuinigingsopdracht,filmstad,forse,gemeent,inkomsten,jacht,verslaggever,
__file:///Users/michiel/Projects/seecr/tirza.rdf#__Description71,http://dbpedia.org/resource/Article_(publishing),Gala,Gouden,Jann,Jong,Kalveren,Mijke,Nominaties,Regisseur,Ruyters,Utrecht,cinema,morgen,revanche,
__file:///Users/michiel/Projects/seecr/tirza.rdf#__Description72,http://dbpedia.org/resource/Article_(publishing),-2011,2010,Een,Het,In,Nederlandse,Vlissingse,fe,film,films,lawine,los,najaar,traditiegetrouw,
__file:///Users/michiel/Projects/seecr/tirza.rdf#__Description73,http://dbpedia.org/resource/Article_(publishing),6,17,?,Amal,College,Harrachi,Leidsche,Rijn,Wat,klassiekers,leeslijst,middelbare,pubers,scholieren,vwo,
__file:///Users/michiel/Projects/seecr/tirza.rdf#__Description74,http://dbpedia.org/resource/Article_(publishing),Arnon,Duits,Duitse,Grunberg,Kammerspiele,Münchner,schrijft,schrijven,stadstheat,toneelstuk,
__file:///Users/michiel/Projects/seecr/tirza.rdf#__Description75,http://dbpedia.org/resource/Article_(publishing),APELDOORN,Apeldoorn,Bronzen,De,Dwangarbeider,Het,bronzen,gestolen,mannetje,monument,
__file:///Users/michiel/Projects/seecr/tirza.rdf#__Description76,http://dbpedia.org/resource/Article_(publishing),26,37,2005,2011,Adderhorst,Drentse,Het,In,Litho,Tweede,Tynaarlo,boek,brieven,cm,doken,foto,geheim,handingekleurd,huis,incl,
__file:///Users/michiel/Projects/seecr/tirza.rdf#__Description77,http://dbpedia.org/resource/Article_(publishing),?,Christa,Duitse,Grass,Günter,Manifest,Wolf,boos,leeft,ov,plagiaat,schrijvers,
__file:///Users/michiel/Projects/seecr/tirza.rdf#__Description78,http://dbpedia.org/resource/Article_(publishing),Arnon,De,Gent,Grunberg,Kon,Nederlandse,Vlaamse,prijs,proza,schrijver,vijfjaarlijkse,
__file:///Users/michiel/Projects/seecr/tirza.rdf#__Description79,http://dbpedia.org/resource/Article_(publishing),50,&,A,Ditmar,EUR12,Gratis,Grunberg,Nijgh,Uitgeverij,Van,aankoop,midprice,
__file:///Users/michiel/Projects/seecr/tirza.rdf#__Description80,http://dbpedia.org/resource/Article_(publishing),Amsterdamse,Scene,The,componist,gitarist,poëtische,pr,rockband,teksten,zanger,
__file:///Users/michiel/Projects/seecr/tirza.rdf#__Description81,http://dbpedia.org/resource/Article_(publishing),Arnon,Christiaan,Elvis,Esther,Gerritsen,Grunberg,Jong,Libris,Oek,Peeters,Prijs,Tommy,Weijts,Wieringa,race,zesde,
__file:///Users/michiel/Projects/seecr/tirza.rdf#__Description82,http://dbpedia.org/resource/Article_(publishing),50,&,A,Ditmar,EUR12,Gratis,Grunberg,Nijgh,Uitgeverij,Van,aankoop,midprice,
__file:///Users/michiel/Projects/seecr/tirza.rdf#__Description83,http://dbpedia.org/resource/Article_(publishing),Held,II,SÜSKIND,Süskind,Toekomstverwachtingen,WO,Walter,dank,gebleven,
__file:///Users/michiel/Projects/seecr/tirza.rdf#__Description84,http://dbpedia.org/resource/Article_(publishing),AMSTERDAM,Fietsen,Gestoken,dezelfd,dieven,fietsen,geel,gele,hesje,hesjes,jatten,knippen,sloten,
__file:///Users/michiel/Projects/seecr/tirza.rdf#__Description85,http://dbpedia.org/resource/Article_(publishing),Kamer,Kamerleden,Kleuters,Tweede,Zeven,cadeau,haag,ontvingen,oplossing,pakjes,sinterklaascadeautje,ve,
__file:///Users/michiel/Projects/seecr/tirza.rdf#__Description86,http://dbpedia.org/resource/Article_(publishing),Kamer,Kamerleden,Kleuters,Tweede,Zeven,cadeau,haag,ontvingen,oplossing,pakjes,sinterklaascadeautje,ve,
__file:///Users/michiel/Projects/seecr/tirza.rdf#__Description87,http://dbpedia.org/resource/Article_(publishing),Kamer,Kamerleden,Kleuters,Tweede,Zeven,cadeau,haag,ontvingen,oplossing,pakjes,sinterklaascadeautje,ve,
__file:///Users/michiel/Projects/seecr/tirza.rdf#__Description88,http://dbpedia.org/resource/Article_(publishing),Aw,Grammy,Het,Metropole,Orkest,U,Uur,bejubeld,donderdag,fockert,haag,nominaties,tirza,
__file:///Users/michiel/Projects/seecr/tirza.rdf#__Description89,http://dbpedia.org/resource/Article_(publishing),AMSTERDAM,Arnon,Dat,Grunberg,Schrijver,agentschap,buitenland,
__file:///Users/michiel/Projects/seecr/tirza.rdf#__Description90,http://dbpedia.org/resource/Article_(publishing),Veroordeelde,Zeggen,haag,helpt,pedo,publiek,vaker,wo,woont,zedendelinquenten,
__file:///Users/michiel/Projects/seecr/tirza.rdf#__Description91,http://dbpedia.org/resource/Article_(publishing),50,+,Acteur,Aschat,En,Er,Gijs,Grote,Profiel,Scholten,Toneel,aantrekkelijk,evenveel,momenten,va,voel,
__file:///Users/michiel/Projects/seecr/tirza.rdf#__Description92,http://dbpedia.org/resource/Article_(publishing),AMSTERDAM,Artistiek,Elke,Het,Ik,Kerst,Sisyfusarbeid,ahlbom,dachten,dít,interview,jakop,leider,paniek,raken,sc,
__file:///Users/michiel/Projects/seecr/tirza.rdf#__Description93,http://dbpedia.org/resource/Article_(publishing),Den,H,Haag,Ocean,Tirza,Twelve,decor,films,
__file:///Users/michiel/Projects/seecr/tirza.rdf#__Description94,http://dbpedia.org/resource/Article_(publishing),Ate,Het,Jan,Jong,Smit,Smits,Tot,acteerdebuut,beoogd,bombardement,factor,must,regisseur,see,
__file:///Users/michiel/Projects/seecr/tirza.rdf#__Description95,http://dbpedia.org/resource/Article_(publishing),32,95,Ai,Anneke,Cadeautje,EUR13,Een,Len,Leopold,Munnik,Scholtens,blz,golf,kinderboek,opeet,prop,teleurstell,
__file:///Users/michiel/Projects/seecr/tirza.rdf#__Description96,http://dbpedia.org/resource/Article_(publishing),Anna,Barry,Carice,D,De,Houten,Jeroen,Krijgt,Publiek,Rembrandt,favoriete,filmster,gelukkige,huisvrouw,kiest,
__file:///Users/michiel/Projects/seecr/tirza.rdf#__Description97,http://dbpedia.org/resource/Article_(publishing),Leiden,Leidse,Schemerlicht,bijzonde,inspireren,schemerlicht,theater,theatermakers,
__file:///Users/michiel/Projects/seecr/tirza.rdf#__Description98,http://dbpedia.org/resource/Article_(publishing),De,King,Ook,Oscar,Oscars,Speech,The,True,amsterdam,dé,film,grit,kandidaat,kans,nominaties,verte,
__file:///Users/michiel/Projects/seecr/tirza.rdf#__Description99,http://dbpedia.org/resource/Article_(publishing),AMSTERDAM,Circusdier,Nienke,Oort,Zuid,circussen,dieren,stadsdeel,toestaan,varen,verbod,welzijnsnota,wilde,
__file:///Users/michiel/Projects/seecr/tirza.rdf#__Description100,http://dbpedia.org/resource/Article_(publishing),Briefgeheim,Jan,Oorlogswinter,Opnieuw,Terlouw,film,kin,verfilming,
__file:///Users/michiel/Projects/seecr/tirza.rdf#__Description101,http://dbpedia.org/resource/Article_(publishing),AMSTERDAM,Circusdier,Nienke,Oort,Zuid,circussen,dieren,stadsdeel,toestaan,varen,verbod,welzijnsnota,wilde,
__file:///Users/michiel/Projects/seecr/tirza.rdf#__Description102,http://dbpedia.org/resource/Article_(publishing),De,King,Ook,Oscar,Oscars,Speech,The,True,amsterdam,dé,film,grit,kandidaat,kans,nominaties,verte,
__file:///Users/michiel/Projects/seecr/tirza.rdf#__Description103,http://dbpedia.org/resource/Article_(publishing),Leiden,Leidse,Schemerlicht,bijzonde,inspireren,schemerlicht,theater,theatermakers,
__file:///Users/michiel/Projects/seecr/tirza.rdf#__Description104,http://dbpedia.org/resource/Article_(publishing),Beukenkamp,Ger,Majesteit,Voor,film,koningshuis,levert,scenario,
__file:///Users/michiel/Projects/seecr/tirza.rdf#__Description105,http://dbpedia.org/resource/Article_(publishing),De,Laurent,Saint,Yves,couturier,film,klassiek,levensloop,verteld,
__file:///Users/michiel/Projects/seecr/tirza.rdf#__Description106,http://dbpedia.org/resource/Article_(publishing),Eat,Het,Julia,Love,Pray,Roberts,doordringt,duurt,film,kijker,ongelukkig,
__file:///Users/michiel/Projects/seecr/tirza.rdf#__Description107,http://dbpedia.org/resource/Article_(publishing),Briefgeheim,Jan,Oorlogswinter,Opnieuw,Terlouw,film,kin,verfilming,
__file:///Users/michiel/Projects/seecr/tirza.rdf#__Description108,http://dbpedia.org/resource/Article_(publishing),66,Berg,God,Hij,Jaap,Toen,Zeeland,continenten,literaire,oceanen,oer,quiz,schiep,vergat,wereld,
__file:///Users/michiel/Projects/seecr/tirza.rdf#__Description109,http://dbpedia.org/resource/Article_(publishing),Damme,Ellen,Hulst,Joost,Kar,Kees,Kunststof,PRAATSHOWS,TV,Zwagerman,gast,tv,zondag,
__file:///Users/michiel/Projects/seecr/tirza.rdf#__Description110,http://dbpedia.org/resource/Article_(publishing),Psychologische,Uitgemaakt,leugenaar,oorlogsvoering,persoon,samenwerken,
__file:///Users/michiel/Projects/seecr/tirza.rdf#__Description111,http://dbpedia.org/resource/Article_(publishing),Den,Economische,Kamp,Minister,PostNL,Sandd,Zaken,fockert,haag,oplossing,postbedrijven,ruzie,tafe,tirza,zoekt,
__file:///Users/michiel/Projects/seecr/tirza.rdf#__Description112,http://dbpedia.org/resource/Article_(publishing),AMSTERDAM,Buitenlanders,De,Gemeente,Wietpas,coffeeshop,invoering,kaalslag,leiden,ramp,straat,stromen,toerisme,volgend,vreest,vrije,wiet,wietpas,zomer,
__file:///Users/michiel/Projects/seecr/tirza.rdf#__Description113,http://dbpedia.org/resource/Article_(publishing),AMC,Almere,DE,FOCKERTAMSTERDAM,Flevoziekenhuis,Het,Samenwerking,TIRZA,intensiever,samenwerken,
__file:///Users/michiel/Projects/seecr/tirza.rdf#__Description114,http://dbpedia.org/resource/Article_(publishing),De,Eén,Hij,Noorderlicht,TEKST,VOLLEDIGE,Warnow,geheim,kin,schonk,tocht,verklaren,wereld,ziel,
__file:///Users/michiel/Projects/seecr/tirza.rdf#__Description115,http://dbpedia.org/resource/Article_(publishing),Nederland,Organiseer,Zo,creatieve,hersens,kraakten,leven,studenten,vierhonderd,vormgevingsopleidingen,
__file:///Users/michiel/Projects/seecr/tirza.rdf#__Description116,http://dbpedia.org/resource/Article_(publishing),1,3,6,Bloedstollend,Horizontaal,In,Kan,Noemde,Rutte,Tsjakka,snaar,worst,
__file:///Users/michiel/Projects/seecr/tirza.rdf#__Description117,http://dbpedia.org/resource/Article_(publishing),7,De,Het,Metropole,Orkest,PvdA,VVD,elfde,gered,haag,regeringspartijen,
__file:///Users/michiel/Projects/seecr/tirza.rdf#__Description118,http://dbpedia.org/ontology/Book,?,Apart,Beeldende,Beeldvorming,Brooks,Brundwick,Cahun,Claude,Combining,Flocking,Fotografie,Geschiedenis,Homoseksualiteit,I,II,In,Interbellum,Latimer,Lesbian,Lesbische,Letteren,Marcel,Monografieën,Moore,NJ,New,Parijs,Paris,Portraits,Press,Rechtspositie,Romaine,Rutgers,Solidor,Suzy,Tekenkunst,The,Theater,Though,Tirza,Together,True,Under,University,War,What,Women,World,able,acknowledged,allowed,also,an,analysis,and,are,around,array,artists,as,at,autonomy,be,been,began,between,book,breadth,breed,by,captures,century,circulation,circumstances,claude,coherent,collective,conjure,consequences,consider,constructions,contemporary,cultural,decades,definitive,does,domestic,draws,during,each,early,economic,existed,explores,far,feminine,first,focuses,from,gave,gender,have,held,highly,historical,identiteit,identity,illuminates,image,impact,implications,important,impossible,independence,into,it,key,kunsten,last,law,least,lesbian,lesbianism,lesbians,life,like,look,marcel,mean,models,new,no,notion,nuanced,on,or,other,performers,period,picture,place,political,politics,portraiture,problems,professional,put,reaching,recognize,relative,remains,representation,representations,revolutionary,rights,romaine,same,self,sense,seven,sex,sexual,shape,six,social,solidarity,studies,subject,such,suzy,term,that,the,them,themselves,theorize,theory,this,though,time,to,today,twentieth,usa,used,visual,visualize,vivid,vrouwen,when,where,with,women,working,world,yet,
__file:///Users/michiel/Projects/seecr/tirza.rdf#__Description119,http://dbpedia.org/resource/Article_(publishing),&,Amsterdam,Arnon,Grunberg,boek,kunst,media,moeder,nieuws,schrijver,succesvolle,trekt,
__file:///Users/michiel/Projects/seecr/tirza.rdf#__Description120,http://dbpedia.org/resource/Article_(publishing),11,De,Nederlandse,Wij,aanslagen,auteurs,heengesc,hysterie,nadrukkelijk,september,
__file:///Users/michiel/Projects/seecr/tirza.rdf#__Description121,http://dbpedia.org/resource/Article_(publishing),?,Arnout,Brouwer,Ga,Het,Noordzee,Schotland,TEKST,VOLLEDIGE,Zeilboot,Zoute,glimp,noorderlicht,verdwijnen,vermist,vertrek,vriendengroep,ziel,zigeuners,
__file:///Users/michiel/Projects/seecr/tirza.rdf#__Description122,http://dbpedia.org/resource/Article_(publishing),Amsterdam,Aschat,Gijs,Louis,Or,Scholten,genomineerd,kans,
__file:///Users/michiel/Projects/seecr/tirza.rdf#__Description123,http://dbpedia.org/resource/Article_(publishing),97,Alle,Er,Gosschalk,In,Job,Karina,Leeuw,Met,N,Paul,Regie,Smulders,Tijd,Tragikomedie,bioscopen,dertigers,tobbende,wijn,witte,
__file:///Users/michiel/Projects/seecr/tirza.rdf#__Description124,http://dbpedia.org/resource/Article_(publishing),Amsterdam,Award,Doedens,Ferry,GTST,Gay,Media,acteur,morgen,ontvangt,
__file:///Users/michiel/Projects/seecr/tirza.rdf#__Description125,http://dbpedia.org/resource/Article_(publishing),Boy,De,Komt,Nederlandse,Sonny,Tirza,boekv,boekverfilming,dokter,prijs,recente,succesfilms,vrouw,
__file:///Users/michiel/Projects/seecr/tirza.rdf#__Description126,http://dbpedia.org/resource/Article_(publishing),-16,Aardig,Amsterdam,BN,Bakhuyzen,Blond,Boerkaverbod,Carice,Die,Doorsnee,Ecuador,Elle,Gekluisterd,Gouden,Hanro,Ik,Inktlap,Kalf,M,Maar,Mokkels,Nieuwe,Nijmeijer,Reve,Rijn,Sande,Smitsman,Tanja,Tirza,Traditie,Vd,aardig,erschap,hand,http,kus,meisje,nl,vader,wassen,zwart,
__file:///Users/michiel/Projects/seecr/tirza.rdf#__Description127,http://dbpedia.org/resource/Article_(publishing),European,Europese,Film,Melancholia,Oscars,berlijn,kans,kop,
__file:///Users/michiel/Projects/seecr/tirza.rdf#__Description128,http://dbpedia.org/resource/Article_(publishing),23,Als,Chagall,eiland,onbewoond,singer,songwriter,verbannen,volgen,
__file:///Users/michiel/Projects/seecr/tirza.rdf#__Description129,http://dbpedia.org/resource/Article_(publishing),211,Cell,Een,beginnende,bewaarder,film,films,raakt,spannendste,
__file:///Users/michiel/Projects/seecr/tirza.rdf#__Description130,http://dbpedia.org/resource/Article_(publishing),A,Adhd,Alex,Atsma,Ballet,Bardame,Barry,Blondje,Bob,Da,Desie,E,Goirle,Ik,Jamai,Loman,Nob,Spijbelaar,Tirza,Toen,V,Verkiezingen,Warmerdam,Zondagskind,dam,geluk,weggegaan,
__file:///Users/michiel/Projects/seecr/tirza.rdf#__Description131,http://dbpedia.org/resource/Article_(publishing),23,Als,Chagall,eiland,onbewoond,singer,songwriter,verbannen,volgen,
__file:///Users/michiel/Projects/seecr/tirza.rdf#__Description132,http://dbpedia.org/resource/Article_(publishing),European,Europese,Film,Melancholia,Oscars,berlijn,kans,kop,
__file:///Users/michiel/Projects/seecr/tirza.rdf#__Description133,http://dbpedia.org/resource/Article_(publishing),211,Cell,Een,beginnende,bewaarder,film,films,raakt,spannendste,
__file:///Users/michiel/Projects/seecr/tirza.rdf#__Description134,http://dbpedia.org/resource/Article_(publishing),Clairy,Ingen,Peter,Polak,keren,programma,televisieseizoen,volgend,
__file:///Users/michiel/Projects/seecr/tirza.rdf#__Description135,http://dbpedia.org/resource/Article_(publishing),650,AMSTERDAM,Er,Geen,Omstreden,Watergraaf,Zeeburgia,huizen,sportvelden,teruggetrokken,voetbalclub,woningbouwplan,woningen,
__file:///Users/michiel/Projects/seecr/tirza.rdf#__Description136,http://dbpedia.org/resource/Article_(publishing),Cultureel,Paul,Planbur,Schnabel,Sociaal,afscheid,directeur,
__file:///Users/michiel/Projects/seecr/tirza.rdf#__Description137,http://dbpedia.org/resource/Article_(publishing),3,Grunberg,Libris,Weijts,Zes,genomineerd,namen,outsiders,shortlist,vijfde,
__file:///Users/michiel/Projects/seecr/tirza.rdf#__Description138,http://dbpedia.org/resource/Article_(publishing),DEN,HAAG,Laatste,Maandag,Metropole,Orkest,besluit,gelauwerde,kans,valt,voorbestaan,
__file:///Users/michiel/Projects/seecr/tirza.rdf#__Description139,http://dbpedia.org/resource/Article_(publishing),Ald,Amsterdam,DEN,HAAG,Het,Nederland,Opstelten,looft,softdrugsbeleid,verkeren,voorbeeld,
__file:///Users/michiel/Projects/seecr/tirza.rdf#__Description140,http://dbpedia.org/resource/Article_(publishing),AMSTERDAM,Actie,De,M,dumpen,gemeente,geëist,kinderen,maatregelen,vrouwen,
__file:///Users/michiel/Projects/seecr/tirza.rdf#__Description141,http://dbpedia.org/resource/Article_(publishing),16,26,Diefstal,Dubbel,Een,Ierland,Ja,benen,dief,dinsdag,jarige,linkerslippers,vrouw,
__file:///Users/michiel/Projects/seecr/tirza.rdf#__Description142,http://dbpedia.org/resource/Article_(publishing),AMSTERDAM,Burgemeester,Dia,Hangjongeren,Jeugd,Tellegenbuurt,grenzend,teistert,woensdagavond,
__file:///Users/michiel/Projects/seecr/tirza.rdf#__Description143,http://dbpedia.org/resource/Article_(publishing),Amsterdam,Comité,Het,Inhuldiging,Koningin,Nationaal,RTL,Strik,kunst,lied,media,nieuws,
__file:///Users/michiel/Projects/seecr/tirza.rdf#__Description144,http://dbpedia.org/resource/Article_(publishing),Gouden,Jong,Jongs,Oek,Pier,Uil,amsterdam,oc,oceaan,roman,
__file:///Users/michiel/Projects/seecr/tirza.rdf#__Description145,http://dbpedia.org/resource/Article_(publishing),Grit,Het,John,Ooglap,True,Wayne,buzz,droeg,enig,koop,ooglapje,oorspronkelijke,versie,
__file:///Users/michiel/Projects/seecr/tirza.rdf#__Description146,http://dbpedia.org/resource/Article_(publishing),50,301,Carrière,EUR17,Eens,Henk,Lebowski,Perenboom,Salvador,Schrijvers,Straten,blz,literatuu,recente,roman,trekken,
__file:///Users/michiel/Projects/seecr/tirza.rdf#__Description147,http://dbpedia.org/resource/Article_(publishing),2009,Herman,Het,Hij,Koch,Met,TEKST,VOLLEDIGE,Zomerhuis,aardige,diner,klinkt,normaal,portretteert,reactionair,redelijk,scoorde,zwembad,
__file:///Users/michiel/Projects/seecr/tirza.rdf#__Description148,http://dbpedia.org/resource/Article_(publishing),Arnon,Grunberg,Grunbergs,Huid,TEKST,VOLLEDIGE,Zijn,begint,comedy,genadeloos,maat,moeder,noemt,onmens,roman,satirische,
__file:///Users/michiel/Projects/seecr/tirza.rdf#__Description149,http://dbpedia.org/resource/Article_(publishing),Aschat,Gijs,Na,Persona,Scholten,To,`,gelooft,generatie,komende,repetitie,speelt,tweeluik,
__file:///Users/michiel/Projects/seecr/tirza.rdf#__Description150,http://dbpedia.org/resource/Article_(publishing),Avonturiers,Een,Nederlands,avonturiers,bodo,boord,boot,schiedam,schip,spoorloos,verdwenen,vermist,volle,wrakke,zee,
__file:///Users/michiel/Projects/seecr/tirza.rdf#__Description151,http://dbpedia.org/resource/Article_(publishing),2013,A,AMSTERDAM,Een,En,F,Heijden,Libris,Literatuurprijs,Th,hing,lucht,maandag,naam,wa,winnaar,
__file:///Users/michiel/Projects/seecr/tirza.rdf#__Description152,http://dbpedia.org/resource/Article_(publishing),Aschat,Gijs,Na,Persona,Scholten,To,`,gelooft,generatie,komende,repetitie,speelt,tweeluik,
__file:///Users/michiel/Projects/seecr/tirza.rdf#__Description153,http://dbpedia.org/resource/Article_(publishing),Amsterdam,Arnon,De,Grunberg,Hollanders,Ondertussen,Polen,keert,mompelt,schrijft,schrijver,toneel,toneelstuk,
__file:///Users/michiel/Projects/seecr/tirza.rdf#__Description154,http://dbpedia.org/resource/Article_(publishing),1,3,28,2010,Bioscoopbezoek,Het,In,bioscoopbezoek,bioscoopkaartje,gestegen,stijgt,
__file:///Users/michiel/Projects/seecr/tirza.rdf#__Description155,http://dbpedia.org/resource/Article_(publishing),1,2,3,4,5,2010,A,ANOTHE,DE,EL,Film,INCEPTION,MAN,OJOS,PROPHÈTE,SECRETO,SINGLE,SUS,UN,
__file:///Users/michiel/Projects/seecr/tirza.rdf#__Description156,http://dbpedia.org/resource/Article_(publishing),BEEKMAN,BOR,Iedereen,Kunst,Loftuitingen,Ook,acteurs,bioscoop,collega,massaal,mooi,parel,volk,
__file:///Users/michiel/Projects/seecr/tirza.rdf#__Description157,http://dbpedia.org/resource/Article_(publishing),?,Als,Bruijn,Nederlandse,Nee,Peter,arthouse,bedankt,boom,bos,buurt,film,films,omvallend,omvalt,
__file:///Users/michiel/Projects/seecr/tirza.rdf#__Description158,http://dbpedia.org/resource/Article_(publishing),Bosch,Boulevard,De,Den,Een,Kracht,LIEFDE,MOEILIJKE,STAL,Theaterfestival,geluk,locatievoorstelling,meisje,platteland,stads,zoekt,zoiets,
__file:///Users/michiel/Projects/seecr/tirza.rdf#__Description159,http://dbpedia.org/resource/Article_(publishing),Dinsdag,Film,Filmproducent,Fu,Maltha,San,Toos,Valk,film,on,ontvoering,
__file:///Users/michiel/Projects/seecr/tirza.rdf#__Description160,http://dbpedia.org/resource/Article_(publishing),AMSTERDAM,Carré,Het,Kerstcircus,Leeuwenact,boosheid,dierenliefhebbers,gehaald,hals,wekt,woede,
__file:///Users/michiel/Projects/seecr/tirza.rdf#__Description161,http://dbpedia.org/resource/Article_(publishing),?,Chaplin,Charlie,Flaubert,Gustave,Leigh,Mike,V,Wat,psychische,
__file:///Users/michiel/Projects/seecr/tirza.rdf#__Description162,http://dbpedia.org/resource/Article_(publishing),Beekhuyzen,Berg,Drama,JJJJJ,Jeroen,Karl,Met,Nuancering,Nyncke,Regie,Rudolf,Spitzenberger,Süskind,
__file:///Users/michiel/Projects/seecr/tirza.rdf#__Description163,http://dbpedia.org/resource/Article_(publishing),AMSTERDAM,Carré,Het,Kerstcircus,Leeuwenact,boosheid,dierenliefhebbers,gehaald,hals,wekt,woede,
__file:///Users/michiel/Projects/seecr/tirza.rdf#__Description164,http://dbpedia.org/resource/Article_(publishing),1,3,28,2010,Bioscoopbezoek,Het,In,bioscoopbezoek,bioscoopkaartje,gestegen,stijgt,
__file:///Users/michiel/Projects/seecr/tirza.rdf#__Description165,http://dbpedia.org/resource/Article_(publishing),1,2,3,4,5,2010,A,ANOTHE,DE,EL,Film,INCEPTION,MAN,OJOS,PROPHÈTE,SECRETO,SINGLE,SUS,UN,
__file:///Users/michiel/Projects/seecr/tirza.rdf#__Description166,http://dbpedia.org/resource/Article_(publishing),Astrid,De,Ik,Literatuurles,Maar,Mulisch,Schrijver,Twee,aanslag,alkmaar,dood,favoriet,gelezen,lees,school,teken,vrouwen,
__file:///Users/michiel/Projects/seecr/tirza.rdf#__Description167,http://dbpedia.org/resource/Article_(publishing),1980,Het,Jann,Nederlandse,Paul,Ruyters,Spetters,Verhoeven,cinema,film,kloof,publiek,rumoer,
__file:///Users/michiel/Projects/seecr/tirza.rdf#__Description168,http://dbpedia.org/resource/Article_(publishing),-1887,18,1820,A,Arnon,Busken,Conrad,F,Grunberg,Heijden,Huet,Multatuli,Th,
__file:///Users/michiel/Projects/seecr/tirza.rdf#__Description169,http://dbpedia.org/resource/Article_(publishing),De,Het,Omwonenden,Tugelaweg,klerezooi,overlast,scootergarage,scooters,zorgt,
__file:///Users/michiel/Projects/seecr/tirza.rdf#__Description170,http://dbpedia.org/resource/Article_(publishing),Hanengevecht,Meershoek,Patrick,Verslaggever,beklaagt,krant,maandag,partijen,
__file:///Users/michiel/Projects/seecr/tirza.rdf#__Description171,http://dbpedia.org/resource/Article_(publishing),Argentijnse,De,Niet,eerlijk,gezels,minister,oorlogsmisdaden,verleden,
__file:///Users/michiel/Projects/seecr/tirza.rdf#__Description172,http://dbpedia.org/resource/Article_(publishing),Achmed,Akkabi,Dchar,Eindelijk,In,Jim,Kenzari,Marwan,Met,Nasdrin,Nederlandse,Ponten,Rabat,Regie,Taihuttu,Victor,overtuigt,roadmovie,
__file:///Users/michiel/Projects/seecr/tirza.rdf#__Description173,http://dbpedia.org/resource/Article_(publishing),?,Chaplin,Charlie,Flaubert,Gustave,Leigh,Mike,V,Wat,psychische,
__file:///Users/michiel/Projects/seecr/tirza.rdf#__Description174,http://dbpedia.org/resource/Article_(publishing),-1887,18,1820,A,Arnon,Busken,Conrad,F,Grunberg,Heijden,Huet,Multatuli,Th,
__file:///Users/michiel/Projects/seecr/tirza.rdf#__Description175,http://dbpedia.org/resource/Article_(publishing),Banden,Stoppen,Voor,bewegen,eten,roken,toekomstplannen,verbeteren,
__file:///Users/michiel/Projects/seecr/tirza.rdf#__Description176,http://dbpedia.org/resource/Article_(publishing),1990,Amsterdam,Fluitketel,Lapin,Le,Mijn,`,naam,ontwerpwedstrijd,prijs,verpakking,won,
__file:///Users/michiel/Projects/seecr/tirza.rdf#__Description177,http://dbpedia.org/resource/Article_(publishing),DEN,HAAG,Het,Metropole,Orkest,PvdA,VVD,elfder,gered,reddin,ure,valreep,
__file:///Users/michiel/Projects/seecr/tirza.rdf#__Description178,http://dbpedia.org/resource/Article_(publishing),GEACHTE,Het,Praatpatroon,REDactie,cultuursector,mateloos,stoort,
__file:///Users/michiel/Projects/seecr/tirza.rdf#__Description179,http://dbpedia.org/resource/Article_(publishing),!,AMSTERDAM,Als,COACH,Iedereen,Ontslagen,Uitdijende,beroepsgroep,coach,gebukt,hilarische,kans,uitwassen,word,zaterdag,
__file:///Users/michiel/Projects/seecr/tirza.rdf#__Description180,http://dbpedia.org/resource/Article_(publishing),Donald,Doodsbang,Duck,Hofmeester,Jörgen,TEKST,VOLLEDIGE,Voor,voorbeeld,
__file:///Users/michiel/Projects/seecr/tirza.rdf#__Description181,http://dbpedia.org/resource/Article_(publishing),Donald,Doodsbang,Duck,Hofmeester,Jörgen,TEKST,VOLLEDIGE,Voor,voorbeeld,
__file:///Users/michiel/Projects/seecr/tirza.rdf#__Description182,http://dbpedia.org/resource/Article_(publishing),Dat,Ik,acteurs,bestorven,gewéldig,mond,onui,schat,terugzie,tevreden,
__file:///Users/michiel/Projects/seecr/tirza.rdf#__Description183,http://dbpedia.org/resource/Article_(publishing),2,Het,Jim,Kritisch,Nederland,Op,Taihuttu,filmmakers,films,generatie,industrie,
__file:///Users/michiel/Projects/seecr/tirza.rdf#__Description184,http://dbpedia.org/resource/Article_(publishing),Dchar,Een,Ik,Monoloog,Nasrdin,Op,bank,dchar,interview,nasrdin,statement,wilde,
__file:///Users/michiel/Projects/seecr/tirza.rdf#__Description185,http://dbpedia.org/resource/Article_(publishing),Handen,Heijingen,J,Matthijs,filmproducent,heineken,klinkt,ontvoering,reportage,riepen,
__file:///Users/michiel/Projects/seecr/tirza.rdf#__Description186,http://dbpedia.org/resource/Article_(publishing),Arnon,Column,Evelien,Grunberg,In,Lof,Prachtig,Tonkens,lelijkheid,middelmatigheid,schrijven,un,wanstaltige,
__file:///Users/michiel/Projects/seecr/tirza.rdf#__Description187,http://dbpedia.org/resource/Article_(publishing),324,Centrum,Felix,Keizersgracht,Meritis,avonden,jazzclub,verandert,
__file:///Users/michiel/Projects/seecr/tirza.rdf#__Description188,http://dbpedia.org/resource/Article_(publishing),Dchar,Gala,Gouden,Hij,Interview,Kalf,Nasrdin,Nederlandse,We,acteur,angst,dankwoorden,doorbrak,film,geïnjecteerd,nietszeggende,traditie,wi,winnaar,
__file:///Users/michiel/Projects/seecr/tirza.rdf#__Description189,http://dbpedia.org/resource/Article_(publishing),?,Ben,De,Is,Nederlandse,TEKST,VOLLEDIGE,film,kansloos,vrouwen,vrouwenbastion,
__file:///Users/michiel/Projects/seecr/tirza.rdf#__Description190,http://dbpedia.org/resource/Article_(publishing),Curri,Gregory,In,Literary,Literatuur,Supplement,The,Times,cognitieve,essay,las,pornografie,prettig,verontrustend,
__file:///Users/michiel/Projects/seecr/tirza.rdf#__Description191,http://dbpedia.org/resource/Article_(publishing),Berg,Een,HELD,Mooi,Rudolf,Süskind,alledaagse,dank,film,opportuni,reddingsactie,spannende,verfilmt,verhaal,
__file:///Users/michiel/Projects/seecr/tirza.rdf#__Description192,http://dbpedia.org/resource/Article_(publishing),CONDOOMCAMPAGNE,Jongeren,Volgens,aanbrengen,condoom,héél,normaal,overheid,seks,verteld,vijftiende,
__file:///Users/michiel/Projects/seecr/tirza.rdf#__Description193,http://dbpedia.org/resource/Article_(publishing),Aziatische,Hollands,Langs,Met,TEKST,Tsjernobylboompje,VOLLEDIGE,Zuid,aankomen,dennen,dijkweggetje,overdekt,veld,
__file:///Users/michiel/Projects/seecr/tirza.rdf#__Description194,http://dbpedia.org/resource/Article_(publishing),&,F,Niet,Ouwe,P,Rob,Schouten,TEKST,Thomése,VOLLEDIGE,blaadje,bok,jong,nederlands,proza,schrijvers,vakman,vlaams,
__file:///Users/michiel/Projects/seecr/tirza.rdf#__Description195,http://dbpedia.org/resource/Article_(publishing),Arnon,Column,Evelien,Grunberg,In,Lof,Prachtig,Tonkens,lelijkheid,middelmatigheid,schrijven,un,wanstaltige,
__file:///Users/michiel/Projects/seecr/tirza.rdf#__Description196,http://dbpedia.org/resource/Article_(publishing),Amsterdamse,BOEKAREST,De,Jeroen,LAT,Spitzenberger,SÜSKIND,Süskind,Walter,donderdag,mensenredder,naam,verzetsheld,
__file:///Users/michiel/Projects/seecr/tirza.rdf#__Description197,http://dbpedia.org/resource/Article_(publishing),2012,AMSTERDAM,Driekwart,Evelien,Flink,Kind,Ouders,Van,bedrijven,bezuinigingen,failliet,gingen,kinderopvangbedrijven,opvang,schroeven,terugloop,verslaggeefster,
__file:///Users/michiel/Projects/seecr/tirza.rdf#__Description198,http://dbpedia.org/resource/Article_(publishing),Amstel,Behalve,TEKST,Tonio,VOLLEDIGE,boekverkoper,gedoodverfde,komende,maandag,rijker,schrijver,winnaar,
__file:///Users/michiel/Projects/seecr/tirza.rdf#__Description199,http://dbpedia.org/resource/Article_(publishing),?,A,F,Heijden,Libris,Literatuurprijs,Th,Wie,gedoodverfde,verdienen,winnaar,wint,
__file:///Users/michiel/Projects/seecr/tirza.rdf#__Description200,http://dbpedia.org/resource/Article_(publishing),28,Actrice,Giuseppe,Hoeks,Ik,Oscarwinnaar,Sylvia,Tornator,film,hoger,hoofdrol,scène,speelt,tillen,
__file:///Users/michiel/Projects/seecr/tirza.rdf#__Description201,http://dbpedia.org/resource/Article_(publishing),2012,AMSTERDAM,Driekwart,Evelien,Flink,Kind,Ouders,Van,bedrijven,bezuinigingen,failliet,gingen,kinderopvangbedrijven,opvang,schroeven,terugloop,verslaggeefster,
__file:///Users/michiel/Projects/seecr/tirza.rdf#__Description202,http://dbpedia.org/resource/Article_(publishing),Amstel,Behalve,TEKST,Tonio,VOLLEDIGE,boekverkoper,gedoodverfde,komende,maandag,rijker,schrijver,winnaar,
__file:///Users/michiel/Projects/seecr/tirza.rdf#__Description203,http://dbpedia.org/resource/Article_(publishing),?,A,F,Heijden,Libris,Literatuurprijs,Th,Wie,gedoodverfde,verdienen,winnaar,wint,
__file:///Users/michiel/Projects/seecr/tirza.rdf#__Description204,http://dbpedia.org/resource/Article_(publishing),Arnon,Boekrecensie,De,Een,Grunberg,Grunbergs,Musils,Zwitser,gebeuren,herinnert,jongste,roman,titel,ziekte,
__file:///Users/michiel/Projects/seecr/tirza.rdf#__Description205,http://dbpedia.org/resource/Article_(publishing),Een,Het,Uphoffs,aanpak,bestee,gewaagde,kaliber,novelle,poëzie,zeldzaam,
__file:///Users/michiel/Projects/seecr/tirza.rdf#__Description206,http://dbpedia.org/resource/Article_(publishing),Daar,De,Het,Westerpark,begraafplaatsen,eet,kampt,knaagdieren,konijnenplaag,richten,schade,vos,
__file:///Users/michiel/Projects/seecr/tirza.rdf#__Description207,http://dbpedia.org/resource/Article_(publishing),Einde,Het,Metropole,Orkest,San,Staatssecretaris,geslagen,haag,nadert,uur,
__file:///Users/michiel/Projects/seecr/tirza.rdf#__Description208,http://dbpedia.org/resource/Article_(publishing),Einde,Het,Metropole,Orkest,San,Staatssecretaris,geslagen,haag,nadert,uur,
__file:///Users/michiel/Projects/seecr/tirza.rdf#__Description209,http://dbpedia.org/resource/Article_(publishing),DEN,Einde,HAA,Mediabegroting,Metropole,Orkest,Staatssecretaris,behoud,extra,geld,omroeporkest,uittrekken,
__file:///Users/michiel/Projects/seecr/tirza.rdf#__Description210,http://dbpedia.org/resource/Article_(publishing),28,Actrice,Giuseppe,Hoeks,Ik,Oscarwinnaar,Sylvia,Tornator,film,hoger,hoofdrol,scène,speelt,tillen,
__file:///Users/michiel/Projects/seecr/tirza.rdf#__Description211,http://dbpedia.org/resource/Article_(publishing),De,Kamer,SGP,Tweede,christelijke,papier,streng,vrouw,vrouwen,wachten,
__file:///Users/michiel/Projects/seecr/tirza.rdf#__Description212,http://dbpedia.org/resource/Article_(publishing),De,Geen,Kamer,SGP,Tweede,vrouw,zitting,
__file:///Users/michiel/Projects/seecr/tirza.rdf#__Description213,http://dbpedia.org/resource/Article_(publishing),AMSTERDAM,IJburg,Janneke,Jip,Latijn,Wat,Zolang,bibliotheek,informatieve,pornografie,zorgt,
__file:///Users/michiel/Projects/seecr/tirza.rdf#__Description214,http://dbpedia.org/resource/Article_(publishing),0,5,17,American,De,HHH,K,Les,Pathé,Studio,The,amours,films,imaginaires,januari,reserveren,wo,woensdag,
__file:///Users/michiel/Projects/seecr/tirza.rdf#__Description215,http://dbpedia.org/resource/Article_(publishing),Arme,Aschat,Doodslag,Een,Gijs,Kuijpers,Mark,Na,Pieter,Rutte,Scholten,TEKST,VOLLEDIGE,film,geladen,geweld,moralistisch,samenleving,teru,wilde,
__file:///Users/michiel/Projects/seecr/tirza.rdf#__Description216,http://dbpedia.org/resource/Article_(publishing),De,Het,TEKST,VOLLEDIGE,elastisch,grijs,huid,huilt,kind,middelbare,valt,
__file:///Users/michiel/Projects/seecr/tirza.rdf#__Description217,http://dbpedia.org/resource/Article_(publishing),2010,Een,Ethica,Latijns,Spinoza,Vaticaan,handschrift,hoofdwerk,jasje,ontdekt,
__file:///Users/michiel/Projects/seecr/tirza.rdf#__Description218,http://dbpedia.org/resource/Article_(publishing),18,21,?,Abbey,Dagelet,Hoe,Hoes,Mingus,Vaak,acteur,auditie,film,hoofdrolspelers,loont,
__file:///Users/michiel/Projects/seecr/tirza.rdf#__Description219,http://dbpedia.org/resource/Article_(publishing),ALS,City,Dochter,Elfhonderd,Swim,Zwemmen,broze,dodelijke,onderzoek,pa,patiënt,spierziekte,zwemt,
__file:///Users/michiel/Projects/seecr/tirza.rdf#__Description220,http://dbpedia.org/resource/Article_(publishing),De,In,Terug,Tuintjes,Zes,Zuid,driftig,drommen,getuinierd,jongens,meisjes,natuur,pedagogisch,stad,
__file:///Users/michiel/Projects/seecr/tirza.rdf#__Description221,http://dbpedia.org/resource/Article_(publishing),Coster,Elf,Saskia,TEKST,VOLLEDIGE,Wegzinken,debuteerde,drijfzand,roman,vrouw,
__file:///Users/michiel/Projects/seecr/tirza.rdf#__Description222,http://dbpedia.org/resource/Article_(publishing),0,5,17,American,De,HHH,K,Les,Munt,P,Studio,The,amours,films,imaginaires,januari,reserveren,woensdag,
__file:///Users/michiel/Projects/seecr/tirza.rdf#__Description223,http://dbpedia.org/resource/Article_(publishing),0,5,17,American,De,HHH,K,Les,Mu,Pathé,Studio,The,amours,films,imaginaires,januari,reserveren,woensdag,
__file:///Users/michiel/Projects/seecr/tirza.rdf#__Description224,http://dbpedia.org/resource/Article_(publishing),Actrice,Al,Johanna,Steege,TEKST,Toneel,VOLLEDIGE,film,filmcamera,genr,komische,nerveuzer,rol,speelt,toneel,verliefd,vertrouwd,
__file:///Users/michiel/Projects/seecr/tirza.rdf#__Description225,http://dbpedia.org/resource/Article_(publishing),Bespreking,Het,Hij,Leo,THEATER,Velzen,boek,duikt,geheim,nEDERLANDS,oorlogsfotograaf,spel,strijdgewoel,tentoonstelling,
__file:///Users/michiel/Projects/seecr/tirza.rdf#__Description226,http://dbpedia.org/resource/Article_(publishing),-22,0,9,24,Ar,Artis,Kerstavond,Spannende,Zaterdag,december,donker,tochten,
__file:///Users/michiel/Projects/seecr/tirza.rdf#__Description227,http://dbpedia.org/resource/Article_(publishing),14,30,Amstelveens,Beer,Ezel,Mariska,Poppentheater,Simo,Voorstelling,Zaterdag,januari,
__file:///Users/michiel/Projects/seecr/tirza.rdf#__Description228,http://dbpedia.org/resource/Article_(publishing),?,Beschouwing,Film,Is,Lang,Nederland,Nederlandse,Nee,leve,oorlog,oorlogsfilms,oorlogsmoe,zwang,
__file:///Users/michiel/Projects/seecr/tirza.rdf#__Description229,http://dbpedia.org/resource/Article_(publishing),!,?,De,Lolita,Nabokovs,Onzin,Zijn,boek,onderscheidt,spoor,taal,verbeelding,verkrachting,wonder,zet,
__file:///Users/michiel/Projects/seecr/tirza.rdf#__Description230,http://dbpedia.org/resource/Article_(publishing),Boeken,Daarom,Twee,Verbeelden,crisistijd,ontwer,schrijft,uiterlijk,verkopen,
__file:///Users/michiel/Projects/seecr/tirza.rdf#__Description231,http://dbpedia.org/resource/Article_(publishing),Boeken,Daarom,Twee,Verbeelden,crisistijd,ontwer,schrijft,uiterlijk,verkopen,
__file:///Users/michiel/Projects/seecr/tirza.rdf#__Description232,http://dbpedia.org/resource/Article_(publishing),Als,Andere,Dijk,Duidelijke,Roze,Ze,avond,durven,geneuzel,gezeur,homo,klanten,kleurt,kost,rest,seks,uitscheiden,wonen,
__file:///Users/michiel/Projects/seecr/tirza.rdf#__Description233,http://dbpedia.org/resource/Article_(publishing),Ad,Alsnog,Boekrecensie,De,Fransen,Gerard,In,Koolschijn,Rudi,Wester,carrière,debuten,glos,neerzetten,roman,rug,seizoen,
__file:///Users/michiel/Projects/seecr/tirza.rdf#__Description234,http://dbpedia.org/resource/Article_(publishing),52,De,Fu,Maltha,Nederlandse,San,filmproducent,geruchtma,interview,machtigste,omstreden,én,
__file:///Users/michiel/Projects/seecr/tirza.rdf#__Description235,http://dbpedia.org/resource/Article_(publishing),Als,Arnon,Auteur,Grunberg,Interview,Kunst,Nu,acteur,kind,planke,poseur,schrijver,spelen,stoker,toneel,wilde,
__file:///Users/michiel/Projects/seecr/tirza.rdf#__Description236,http://dbpedia.org/resource/Article_(publishing),17,50,224,&,Arnon,De,Ditmar,EUR,Grunberg,Nijgh,TEKST,VOLLEDIGE,Van,Ver,Waarheid,Wegkijken,blz,wegkijken,werkelijkheid,wet,ziekte,
__file:///Users/michiel/Projects/seecr/tirza.rdf#__Description237,http://dbpedia.org/resource/Article_(publishing),0,9,20,Balie,InPlayers,The,Then,Toneel,Zaterdag,and,juni,now,selectie,there,ton,
__file:///Users/michiel/Projects/seecr/tirza.rdf#__Description238,http://dbpedia.org/resource/Article_(publishing),Het,Hoe,Op,Surinaamse,Tropenjaren,duur,oer,reportage,set,slavernijdrama,suiker,
__file:///Users/michiel/Projects/seecr/tirza.rdf#__Description239,http://dbpedia.org/resource/Article_(publishing),33,BerkeljonfotografieStephan,Dchar,De,Goude,Marokkaanse,Nasrdin,Nederlands,VanfleterenVolkskrant,acteur,dchar,hart,interviews,magazineTien,nasrdin,sprak,tekstSara,
