1,Website
2,Person
3,Person
4,Person
5,Person
6,Person
7,Article
8,Article
9,Article
10,Article
11,Sound
12,Sound
13,Software
14,Book
15,Book
16,Article
17,Article
18,Article
19,Book
20,Book
21,Book
22,Article
23,Book
24,Sound
25,Article
26,Book
27,EBook
28,Book
29,Book
30,Book
31,Book
32,Book
33,Book
34,Book
35,Film
36,Book
37,Book
38,Book
39,Book
40,Book
41,Article
42,Article
43,Article
44,Article
45,Sound
46,Sound
47,Film
48,Software
49,Book
50,Book
51,Book
52,Book
53,Book
54,Book
55,Book
56,Book
57,Article
58,Article
59,Article
60,Article
61,Article
62,Article
63,Article
64,Article
65,Article
66,Article
67,Article
68,Article
69,Article
70,Article
71,Article
72,Article
73,Article
74,Article
75,Article
76,Article
77,Article
78,Article
79,Article
80,Article
81,Article
82,Article
83,Article
84,Article
85,Article
86,Article
87,Article
88,Article
89,Article
90,Article
91,Article
92,Article
93,Article
94,Article
95,Article
96,Article
97,Article
98,Article
99,Article
100,Article
101,Article
102,Article
103,Article
104,Article
105,Article
106,Article
107,Article
108,Article
109,Article
110,Article
111,Article
112,Article
113,Article
114,Article
115,Article
116,Article
117,Article
118,Book
119,Article
120,Article
121,Article
122,Article
123,Article
124,Article
125,Article
126,Article
127,Article
128,Article
129,Article
130,Article
131,Article
132,Article
133,Article
134,Article
135,Article
136,Article
137,Article
138,Article
139,Article
140,Article
141,Article
142,Article
143,Article
144,Article
145,Article
146,Article
147,Article
148,Article
149,Article
150,Article
151,Article
152,Article
153,Article
154,Article
155,Article
156,Article
157,Article
158,Article
159,Article
160,Article
161,Article
162,Article
163,Article
164,Article
165,Article
166,Article
167,Article
168,Article
169,Article
170,Article
171,Article
172,Article
173,Article
174,Article
175,Article
176,Article
177,Article
178,Article
179,Article
180,Article
181,Article
182,Article
183,Article
184,Article
185,Article
186,Article
187,Article
188,Article
189,Article
190,Article
191,Article
192,Article
193,Article
194,Article
195,Article
196,Article
197,Article
198,Article
199,Article
200,Article
201,Article
202,Article
203,Article
204,Article
205,Article
206,Article
207,Article
208,Article
209,Article
210,Article
211,Article
212,Article
213,Article
214,Article
215,Article
216,Article
217,Article
218,Article
219,Article
220,Article
221,Article
222,Article
223,Article
224,Article
225,Article
226,Article
227,Article
228,Article
229,Article
230,Article
231,Article
232,Article
233,Article
234,Article
235,Article
236,Article
237,Article
238,Article
239,Article
